ravi,yadav,male,india,1998-12-28
a,a,male,usa,2020-10-16
ravi,yadav,male,india,1998-12-28
a,a,male,usa,2020-10-16
ravi,yadav,male,india,1998-12-28
a,a,male,usa,2020-10-16
ravi,yadav,male,india,1998-12-28
a,a,male,usa,2020-10-16
ravi,yadav,male,india,1998-12-28
a,a,male,usa,2020-10-16
ravi,yadav,male,india,1998-12-28
a,a,male,usa,2020-10-16
ravi,yadav,male,india,1998-12-28
a,a,male,usa,2020-10-16
ravi,yadav,male,india,1998-12-28
a,a,male,usa,2020-10-16
ravi,yadav,male,india,1998-12-28
a,a,male,usa,2020-10-16
ravi,yadav,male,india,1998-12-28
a,a,male,usa,2020-10-16
ravi,yadav,male,india,1998-12-28
a,a,male,usa,2020-10-16
ravi,yadav,male,india,1998-12-28
a,a,male,usa,2020-10-16
ravi,yadav,male,india,1998-12-28
a,a,male,usa,2020-10-16
ravi,yadav,male,india,1998-12-28
a,a,male,usa,2020-10-16
ravi,yadav,male,india,1998-12-28
a,a,male,usa,2020-10-16
ravi,yadav,male,india,1998-12-28
a,a,male,usa,2020-10-16
ravi,yadav,male,india,1998-12-28
a,a,male,usa,2020-10-16
